NomeProdotto,QuantitaDisponibile
"Prodotto 26",1
"Prodotto 45",1
"Prodotto 144",1
"Prodotto 246",1
"Prodotto 475",1
"Prodotto 489",1
"Prodotto 596",1
"Prodotto 604",1
"Prodotto 611",1
"Prodotto 628",1
"Prodotto 651",1
"Prodotto 733",1
"Prodotto 865",1
"Prodotto 867",1
"Prodotto 1358",1
"Prodotto 1414",1
"Prodotto 1482",1
"Prodotto 1495",1
"Prodotto 1509",1
"Prodotto 1640",1
"Prodotto 1689",1
"Prodotto 1694",1
"Prodotto 1798",1
"Prodotto 1928",1
"Prodotto 2019",1
"Prodotto 2235",1
"Prodotto 2246",1
"Prodotto 2247",1
"Prodotto 2389",1
"Prodotto 2653",1
"Prodotto 2747",1
"Prodotto 2829",1
"Prodotto 2902",1
"Prodotto 3070",1
"Prodotto 3181",1
"Prodotto 3245",1
"Prodotto 3250",1
"Prodotto 3486",1
"Prodotto 3497",1
"Prodotto 3502",1
"Prodotto 3571",1
"Prodotto 3731",1
"Prodotto 3798",1
"Prodotto 3949",1
"Prodotto 3985",1
"Prodotto 4174",1
"Prodotto 4197",1
"Prodotto 4501",1
"Prodotto 4657",1
"Prodotto 4708",1
"Prodotto 4912",1
"Prodotto 4936",1
"Prodotto 4998",1
"Prodotto 152",2
"Prodotto 281",2
"Prodotto 316",2
"Prodotto 506",2
"Prodotto 510",2
"Prodotto 560",2
"Prodotto 627",2
"Prodotto 671",2
"Prodotto 800",2
"Prodotto 818",2
"Prodotto 832",2
"Prodotto 984",2
"Prodotto 1044",2
"Prodotto 1067",2
"Prodotto 1176",2
"Prodotto 1308",2
"Prodotto 1353",2
"Prodotto 1459",2
"Prodotto 1576",2
"Prodotto 1583",2
"Prodotto 1671",2
"Prodotto 1728",2
"Prodotto 1896",2
"Prodotto 2018",2
"Prodotto 2048",2
"Prodotto 2128",2
"Prodotto 2213",2
"Prodotto 2217",2
"Prodotto 2358",2
"Prodotto 2502",2
"Prodotto 2703",2
"Prodotto 2867",2
"Prodotto 2879",2
"Prodotto 2905",2
"Prodotto 2944",2
"Prodotto 2994",2
"Prodotto 3005",2
"Prodotto 3103",2
"Prodotto 3185",2
"Prodotto 3290",2
"Prodotto 3364",2
"Prodotto 3419",2
"Prodotto 3594",2
"Prodotto 3688",2
"Prodotto 3806",2
"Prodotto 3848",2
"Prodotto 3923",2
"Prodotto 3987",2
"Prodotto 4056",2
"Prodotto 4153",2
"Prodotto 4181",2
"Prodotto 4188",2
"Prodotto 4199",2
"Prodotto 4206",2
"Prodotto 4518",2
"Prodotto 4675",2
"Prodotto 4758",2
"Prodotto 4768",2
"Prodotto 4894",2
"Prodotto 4915",2
"Prodotto 4982",2
"Prodotto 4985",2
"Prodotto 83",3
"Prodotto 132",3
"Prodotto 135",3
"Prodotto 260",3
"Prodotto 375",3
"Prodotto 389",3
"Prodotto 436",3
"Prodotto 445",3
"Prodotto 572",3
"Prodotto 652",3
"Prodotto 685",3
"Prodotto 702",3
"Prodotto 779",3
"Prodotto 815",3
"Prodotto 977",3
"Prodotto 1036",3
"Prodotto 1111",3
"Prodotto 1158",3
"Prodotto 1181",3
"Prodotto 1448",3
"Prodotto 1624",3
"Prodotto 1772",3
"Prodotto 1821",3
"Prodotto 2056",3
"Prodotto 2204",3
"Prodotto 2339",3
"Prodotto 2564",3
"Prodotto 2603",3
"Prodotto 2607",3
"Prodotto 2616",3
"Prodotto 2630",3
"Prodotto 2807",3
"Prodotto 3347",3
"Prodotto 3384",3
"Prodotto 3631",3
"Prodotto 3670",3
"Prodotto 3687",3
"Prodotto 3891",3
"Prodotto 4021",3
"Prodotto 4031",3
"Prodotto 4115",3
"Prodotto 4244",3
"Prodotto 4302",3
"Prodotto 4363",3
"Prodotto 4370",3
"Prodotto 4409",3
"Prodotto 4589",3
"Prodotto 4724",3
"Prodotto 4746",3
"Prodotto 4808",3
"Prodotto 33",4
"Prodotto 134",4
"Prodotto 151",4
"Prodotto 163",4
"Prodotto 313",4
"Prodotto 406",4
"Prodotto 587",4
"Prodotto 777",4
"Prodotto 991",4
"Prodotto 1001",4
"Prodotto 1005",4
"Prodotto 1100",4
"Prodotto 1172",4
"Prodotto 1234",4
"Prodotto 1329",4
"Prodotto 1373",4
"Prodotto 1631",4
"Prodotto 1681",4
"Prodotto 1711",4
"Prodotto 1749",4
"Prodotto 1804",4
"Prodotto 1993",4
"Prodotto 2264",4
"Prodotto 2340",4
"Prodotto 2365",4
"Prodotto 2419",4
"Prodotto 2619",4
"Prodotto 2649",4
"Prodotto 3030",4
"Prodotto 3267",4
"Prodotto 3407",4
"Prodotto 3544",4
"Prodotto 3636",4
"Prodotto 3697",4
"Prodotto 3735",4
"Prodotto 3819",4
"Prodotto 3839",4
"Prodotto 3860",4
"Prodotto 3934",4
"Prodotto 4058",4
"Prodotto 4289",4
"Prodotto 4321",4
"Prodotto 4450",4
"Prodotto 4452",4
"Prodotto 4465",4
"Prodotto 4579",4
"Prodotto 4814",4
"Prodotto 4818",4
"Prodotto 4819",4
"Prodotto 4821",4
"Prodotto 4913",4
"Prodotto 121",5
"Prodotto 231",5
"Prodotto 270",5
"Prodotto 465",5
"Prodotto 563",5
"Prodotto 586",5
"Prodotto 597",5
"Prodotto 600",5
"Prodotto 642",5
"Prodotto 676",5
"Prodotto 902",5
"Prodotto 1393",5
"Prodotto 1612",5
"Prodotto 1968",5
"Prodotto 2002",5
"Prodotto 2017",5
"Prodotto 2231",5
"Prodotto 2283",5
"Prodotto 2433",5
"Prodotto 2467",5
"Prodotto 2469",5
"Prodotto 2479",5
"Prodotto 2592",5
"Prodotto 2601",5
"Prodotto 2771",5
"Prodotto 2822",5
"Prodotto 3079",5
"Prodotto 3153",5
"Prodotto 3213",5
"Prodotto 3553",5
"Prodotto 3560",5
"Prodotto 3888",5
"Prodotto 4024",5
"Prodotto 4103",5
"Prodotto 4285",5
"Prodotto 4713",5
"Prodotto 4999",5
"Prodotto 49",6
"Prodotto 71",6
"Prodotto 107",6
"Prodotto 573",6
"Prodotto 660",6
"Prodotto 1035",6
"Prodotto 1049",6
"Prodotto 1053",6
"Prodotto 1117",6
"Prodotto 1192",6
"Prodotto 1239",6
"Prodotto 1399",6
"Prodotto 1413",6
"Prodotto 1426",6
"Prodotto 1458",6
"Prodotto 1643",6
"Prodotto 1705",6
"Prodotto 1710",6
"Prodotto 1752",6
"Prodotto 1764",6
"Prodotto 1826",6
"Prodotto 1996",6
"Prodotto 2104",6
"Prodotto 2400",6
"Prodotto 2411",6
"Prodotto 2662",6
"Prodotto 2685",6
"Prodotto 2715",6
"Prodotto 2834",6
"Prodotto 2965",6
"Prodotto 2989",6
"Prodotto 2990",6
"Prodotto 3104",6
"Prodotto 3128",6
"Prodotto 3183",6
"Prodotto 3204",6
"Prodotto 3244",6
"Prodotto 3539",6
"Prodotto 3621",6
"Prodotto 3768",6
"Prodotto 3792",6
"Prodotto 3886",6
"Prodotto 3977",6
"Prodotto 4042",6
"Prodotto 4131",6
"Prodotto 4179",6
"Prodotto 4241",6
"Prodotto 4327",6
"Prodotto 4421",6
"Prodotto 4583",6
"Prodotto 4587",6
"Prodotto 4744",6
"Prodotto 4783",6
"Prodotto 23",7
"Prodotto 110",7
"Prodotto 114",7
"Prodotto 408",7
"Prodotto 428",7
"Prodotto 453",7
"Prodotto 473",7
"Prodotto 530",7
"Prodotto 617",7
"Prodotto 851",7
"Prodotto 853",7
"Prodotto 899",7
"Prodotto 915",7
"Prodotto 974",7
"Prodotto 1095",7
"Prodotto 1138",7
"Prodotto 1147",7
"Prodotto 1195",7
"Prodotto 1314",7
"Prodotto 1321",7
"Prodotto 1498",7
"Prodotto 1562",7
"Prodotto 1938",7
"Prodotto 2280",7
"Prodotto 2495",7
"Prodotto 2799",7
"Prodotto 2831",7
"Prodotto 2873",7
"Prodotto 2914",7
"Prodotto 2937",7
"Prodotto 2966",7
"Prodotto 3043",7
"Prodotto 3105",7
"Prodotto 3125",7
"Prodotto 3134",7
"Prodotto 3210",7
"Prodotto 3459",7
"Prodotto 3596",7
"Prodotto 3723",7
"Prodotto 3823",7
"Prodotto 3853",7
"Prodotto 3936",7
"Prodotto 4175",7
"Prodotto 4286",7
"Prodotto 4442",7
"Prodotto 4495",7
"Prodotto 4653",7
"Prodotto 1",8
"Prodotto 200",8
"Prodotto 222",8
"Prodotto 284",8
"Prodotto 422",8
"Prodotto 552",8
"Prodotto 631",8
"Prodotto 635",8
"Prodotto 706",8
"Prodotto 799",8
"Prodotto 833",8
"Prodotto 897",8
"Prodotto 985",8
"Prodotto 1069",8
"Prodotto 1116",8
"Prodotto 1290",8
"Prodotto 1464",8
"Prodotto 1478",8
"Prodotto 1606",8
"Prodotto 1936",8
"Prodotto 1947",8
"Prodotto 2060",8
"Prodotto 2083",8
"Prodotto 2118",8
"Prodotto 2164",8
"Prodotto 2239",8
"Prodotto 2263",8
"Prodotto 2434",8
"Prodotto 2617",8
"Prodotto 2622",8
"Prodotto 2788",8
"Prodotto 2971",8
"Prodotto 3109",8
"Prodotto 3240",8
"Prodotto 3365",8
"Prodotto 3473",8
"Prodotto 3679",8
"Prodotto 3714",8
"Prodotto 3728",8
"Prodotto 3837",8
"Prodotto 3894",8
"Prodotto 3895",8
"Prodotto 3998",8
"Prodotto 4122",8
"Prodotto 4128",8
"Prodotto 4252",8
"Prodotto 4293",8
"Prodotto 4416",8
"Prodotto 4800",8
"Prodotto 4827",8
"Prodotto 4918",8
"Prodotto 25",9
"Prodotto 111",9
"Prodotto 393",9
"Prodotto 490",9
"Prodotto 524",9
"Prodotto 663",9
"Prodotto 732",9
"Prodotto 1303",9
"Prodotto 1332",9
"Prodotto 1505",9
"Prodotto 1669",9
"Prodotto 1679",9
"Prodotto 1871",9
"Prodotto 1939",9
"Prodotto 2063",9
"Prodotto 2072",9
"Prodotto 2078",9
"Prodotto 2301",9
"Prodotto 2424",9
"Prodotto 2598",9
"Prodotto 2658",9
"Prodotto 2795",9
"Prodotto 2888",9
"Prodotto 2968",9
"Prodotto 3518",9
"Prodotto 3645",9
"Prodotto 3892",9
"Prodotto 3924",9
"Prodotto 4100",9
"Prodotto 4112",9
"Prodotto 4113",9
"Prodotto 4256",9
"Prodotto 4258",9
"Prodotto 4296",9
"Prodotto 4374",9
"Prodotto 4530",9
"Prodotto 4844",9
"Prodotto 4847",9
"Prodotto 4885",9
"Prodotto 5000",9
"Prodotto 216",10
"Prodotto 334",10
"Prodotto 555",10
"Prodotto 591",10
"Prodotto 681",10
"Prodotto 966",10
"Prodotto 970",10
"Prodotto 1051",10
"Prodotto 1105",10
"Prodotto 1113",10
"Prodotto 1196",10
"Prodotto 1263",10
"Prodotto 1614",10
"Prodotto 1697",10
"Prodotto 1919",10
"Prodotto 1999",10
"Prodotto 2140",10
"Prodotto 2161",10
"Prodotto 2444",10
"Prodotto 2676",10
"Prodotto 2683",10
"Prodotto 3142",10
"Prodotto 3223",10
"Prodotto 3249",10
"Prodotto 3260",10
"Prodotto 3729",10
"Prodotto 3775",10
"Prodotto 3796",10
"Prodotto 3807",10
"Prodotto 3938",10
"Prodotto 3996",10
"Prodotto 4046",10
"Prodotto 4110",10
"Prodotto 4145",10
"Prodotto 4280",10
"Prodotto 4397",10
"Prodotto 4441",10
"Prodotto 4483",10
"Prodotto 4611",10
"Prodotto 4720",10
"Prodotto 4752",10
"Prodotto 4785",10
"Prodotto 4786",10
"Prodotto 4883",10
"Prodotto 4910",10
"Prodotto 202",11
"Prodotto 293",11
"Prodotto 499",11
"Prodotto 622",11
"Prodotto 700",11
"Prodotto 788",11
"Prodotto 940",11
"Prodotto 1017",11
"Prodotto 1135",11
"Prodotto 1273",11
"Prodotto 1477",11
"Prodotto 1598",11
"Prodotto 1704",11
"Prodotto 1780",11
"Prodotto 1973",11
"Prodotto 2088",11
"Prodotto 2095",11
"Prodotto 2363",11
"Prodotto 2390",11
"Prodotto 2464",11
"Prodotto 2506",11
"Prodotto 2520",11
"Prodotto 2638",11
"Prodotto 2666",11
"Prodotto 2758",11
"Prodotto 2898",11
"Prodotto 2934",11
"Prodotto 2935",11
"Prodotto 3116",11
"Prodotto 3174",11
"Prodotto 3235",11
"Prodotto 3281",11
"Prodotto 3323",11
"Prodotto 3369",11
"Prodotto 3433",11
"Prodotto 3470",11
"Prodotto 3545",11
"Prodotto 3569",11
"Prodotto 3676",11
"Prodotto 3756",11
"Prodotto 3899",11
"Prodotto 4126",11
"Prodotto 4162",11
"Prodotto 4196",11
"Prodotto 4215",11
"Prodotto 4259",11
"Prodotto 4332",11
"Prodotto 4385",11
"Prodotto 4443",11
"Prodotto 4756",11
"Prodotto 4772",11
"Prodotto 4859",11
"Prodotto 4995",11
"Prodotto 34",12
"Prodotto 340",12
"Prodotto 448",12
"Prodotto 449",12
"Prodotto 463",12
"Prodotto 542",12
"Prodotto 686",12
"Prodotto 854",12
"Prodotto 935",12
"Prodotto 1087",12
"Prodotto 1096",12
"Prodotto 1221",12
"Prodotto 1481",12
"Prodotto 1543",12
"Prodotto 1645",12
"Prodotto 1654",12
"Prodotto 1699",12
"Prodotto 1742",12
"Prodotto 1778",12
"Prodotto 1873",12
"Prodotto 1879",12
"Prodotto 1891",12
"Prodotto 1950",12
"Prodotto 1982",12
"Prodotto 1984",12
"Prodotto 2111",12
"Prodotto 2133",12
"Prodotto 2177",12
"Prodotto 2197",12
"Prodotto 2202",12
"Prodotto 2352",12
"Prodotto 2387",12
"Prodotto 2394",12
"Prodotto 2448",12
"Prodotto 2483",12
"Prodotto 2547",12
"Prodotto 2809",12
"Prodotto 2864",12
"Prodotto 2887",12
"Prodotto 3053",12
"Prodotto 3237",12
"Prodotto 3432",12
"Prodotto 3505",12
"Prodotto 3784",12
"Prodotto 3793",12
"Prodotto 3869",12
"Prodotto 4043",12
"Prodotto 4054",12
"Prodotto 4084",12
"Prodotto 4311",12
"Prodotto 4316",12
"Prodotto 4356",12
"Prodotto 4505",12
"Prodotto 4508",12
"Prodotto 4517",12
"Prodotto 4601",12
"Prodotto 4646",12
"Prodotto 4793",12
"Prodotto 220",13
"Prodotto 247",13
"Prodotto 257",13
"Prodotto 269",13
"Prodotto 308",13
"Prodotto 353",13
"Prodotto 372",13
"Prodotto 496",13
"Prodotto 612",13
"Prodotto 950",13
"Prodotto 1307",13
"Prodotto 1326",13
"Prodotto 1359",13
"Prodotto 1454",13
"Prodotto 1455",13
"Prodotto 1721",13
"Prodotto 1966",13
"Prodotto 2121",13
"Prodotto 2243",13
"Prodotto 2253",13
"Prodotto 2312",13
"Prodotto 2446",13
"Prodotto 2476",13
"Prodotto 2501",13
"Prodotto 2608",13
"Prodotto 2665",13
"Prodotto 2710",13
"Prodotto 2863",13
"Prodotto 2889",13
"Prodotto 2913",13
"Prodotto 2951",13
"Prodotto 3157",13
"Prodotto 3229",13
"Prodotto 3259",13
"Prodotto 3266",13
"Prodotto 3285",13
"Prodotto 3372",13
"Prodotto 3734",13
"Prodotto 3906",13
"Prodotto 3965",13
"Prodotto 4072",13
"Prodotto 4088",13
"Prodotto 4132",13
"Prodotto 4163",13
"Prodotto 4204",13
"Prodotto 4338",13
"Prodotto 4400",13
"Prodotto 4472",13
"Prodotto 4803",13
"Prodotto 4978",13
"Prodotto 42",14
"Prodotto 218",14
"Prodotto 373",14
"Prodotto 503",14
"Prodotto 662",14
"Prodotto 880",14
"Prodotto 891",14
"Prodotto 916",14
"Prodotto 987",14
"Prodotto 1072",14
"Prodotto 1085",14
"Prodotto 1136",14
"Prodotto 1175",14
"Prodotto 1179",14
"Prodotto 1235",14
"Prodotto 1245",14
"Prodotto 1463",14
"Prodotto 1483",14
"Prodotto 1528",14
"Prodotto 1569",14
"Prodotto 1644",14
"Prodotto 1851",14
"Prodotto 1880",14
"Prodotto 2230",14
"Prodotto 2257",14
"Prodotto 2284",14
"Prodotto 2291",14
"Prodotto 2493",14
"Prodotto 2581",14
"Prodotto 2804",14
"Prodotto 2894",14
"Prodotto 3176",14
"Prodotto 3187",14
"Prodotto 3217",14
"Prodotto 3232",14
"Prodotto 3318",14
"Prodotto 3329",14
"Prodotto 3565",14
"Prodotto 3681",14
"Prodotto 3847",14
"Prodotto 4036",14
"Prodotto 4189",14
"Prodotto 4275",14
"Prodotto 4344",14
"Prodotto 4420",14
"Prodotto 4430",14
"Prodotto 4511",14
"Prodotto 4665",14
"Prodotto 95",15
"Prodotto 224",15
"Prodotto 232",15
"Prodotto 399",15
"Prodotto 641",15
"Prodotto 672",15
"Prodotto 675",15
"Prodotto 910",15
"Prodotto 994",15
"Prodotto 1128",15
"Prodotto 1157",15
"Prodotto 1266",15
"Prodotto 1489",15
"Prodotto 1976",15
"Prodotto 2022",15
"Prodotto 2127",15
"Prodotto 2174",15
"Prodotto 2285",15
"Prodotto 2376",15
"Prodotto 2529",15
"Prodotto 2696",15
"Prodotto 2724",15
"Prodotto 2753",15
"Prodotto 3025",15
"Prodotto 3028",15
"Prodotto 3107",15
"Prodotto 3435",15
"Prodotto 3464",15
"Prodotto 3517",15
"Prodotto 3606",15
"Prodotto 3969",15
"Prodotto 3973",15
"Prodotto 3978",15
"Prodotto 4078",15
"Prodotto 4097",15
"Prodotto 4184",15
"Prodotto 4228",15
"Prodotto 4243",15
"Prodotto 4362",15
"Prodotto 4373",15
"Prodotto 156",16
"Prodotto 374",16
"Prodotto 643",16
"Prodotto 673",16
"Prodotto 742",16
"Prodotto 944",16
"Prodotto 1009",16
"Prodotto 1059",16
"Prodotto 1253",16
"Prodotto 1445",16
"Prodotto 1446",16
"Prodotto 1484",16
"Prodotto 1955",16
"Prodotto 2081",16
"Prodotto 2125",16
"Prodotto 2143",16
"Prodotto 2421",16
"Prodotto 2528",16
"Prodotto 2620",16
"Prodotto 2669",16
"Prodotto 2682",16
"Prodotto 2722",16
"Prodotto 2774",16
"Prodotto 3001",16
"Prodotto 3173",16
"Prodotto 3225",16
"Prodotto 3328",16
"Prodotto 3398",16
"Prodotto 3412",16
"Prodotto 3442",16
"Prodotto 3739",16
"Prodotto 3770",16
"Prodotto 3822",16
"Prodotto 3910",16
"Prodotto 4279",16
"Prodotto 4403",16
"Prodotto 4444",16
"Prodotto 4447",16
"Prodotto 4466",16
"Prodotto 4576",16
"Prodotto 4628",16
"Prodotto 4908",16
"Prodotto 4919",16
"Prodotto 54",17
"Prodotto 77",17
"Prodotto 161",17
"Prodotto 217",17
"Prodotto 441",17
"Prodotto 450",17
"Prodotto 861",17
"Prodotto 885",17
"Prodotto 1004",17
"Prodotto 1061",17
"Prodotto 1214",17
"Prodotto 1259",17
"Prodotto 1366",17
"Prodotto 1394",17
"Prodotto 1400",17
"Prodotto 1418",17
"Prodotto 1661",17
"Prodotto 1769",17
"Prodotto 1949",17
"Prodotto 1989",17
"Prodotto 2123",17
"Prodotto 2162",17
"Prodotto 2182",17
"Prodotto 2207",17
"Prodotto 2252",17
"Prodotto 2309",17
"Prodotto 2410",17
"Prodotto 2485",17
"Prodotto 2614",17
"Prodotto 2636",17
"Prodotto 2745",17
"Prodotto 3123",17
"Prodotto 3243",17
"Prodotto 3431",17
"Prodotto 3587",17
"Prodotto 3693",17
"Prodotto 4236",17
"Prodotto 4364",17
"Prodotto 4417",17
"Prodotto 4499",17
"Prodotto 4643",17
"Prodotto 4691",17
"Prodotto 4715",17
"Prodotto 4754",17
"Prodotto 41",18
"Prodotto 267",18
"Prodotto 295",18
"Prodotto 351",18
"Prodotto 511",18
"Prodotto 650",18
"Prodotto 664",18
"Prodotto 723",18
"Prodotto 855",18
"Prodotto 872",18
"Prodotto 903",18
"Prodotto 1023",18
"Prodotto 1155",18
"Prodotto 1298",18
"Prodotto 1487",18
"Prodotto 1546",18
"Prodotto 1735",18
"Prodotto 1799",18
"Prodotto 1835",18
"Prodotto 1918",18
"Prodotto 1979",18
"Prodotto 2090",18
"Prodotto 2093",18
"Prodotto 2221",18
"Prodotto 2222",18
"Prodotto 2261",18
"Prodotto 2279",18
"Prodotto 2355",18
"Prodotto 2623",18
"Prodotto 2787",18
"Prodotto 2806",18
"Prodotto 2833",18
"Prodotto 2924",18
"Prodotto 2942",18
"Prodotto 3057",18
"Prodotto 3060",18
"Prodotto 3252",18
"Prodotto 3383",18
"Prodotto 3423",18
"Prodotto 3495",18
"Prodotto 3496",18
"Prodotto 3567",18
"Prodotto 3577",18
"Prodotto 3664",18
"Prodotto 3718",18
"Prodotto 3769",18
"Prodotto 3820",18
"Prodotto 4155",18
"Prodotto 4170",18
"Prodotto 4212",18
"Prodotto 4292",18
"Prodotto 4318",18
"Prodotto 4331",18
"Prodotto 4353",18
"Prodotto 4469",18
"Prodotto 4481",18
"Prodotto 4496",18
"Prodotto 4620",18
"Prodotto 4672",18
"Prodotto 4789",18
"Prodotto 4799",18
"Prodotto 4889",18
"Prodotto 4979",18
"Prodotto 4990",18
"Prodotto 141",19
"Prodotto 189",19
"Prodotto 234",19
"Prodotto 263",19
"Prodotto 324",19
"Prodotto 714",19
"Prodotto 721",19
"Prodotto 763",19
"Prodotto 845",19
"Prodotto 963",19
"Prodotto 1020",19
"Prodotto 1412",19
"Prodotto 1421",19
"Prodotto 1516",19
"Prodotto 1525",19
"Prodotto 1622",19
"Prodotto 1625",19
"Prodotto 1747",19
"Prodotto 1805",19
"Prodotto 1857",19
"Prodotto 1907",19
"Prodotto 1971",19
"Prodotto 2122",19
"Prodotto 2130",19
"Prodotto 2147",19
"Prodotto 2183",19
"Prodotto 2227",19
"Prodotto 2305",19
"Prodotto 2378",19
"Prodotto 2438",19
"Prodotto 2574",19
"Prodotto 2731",19
"Prodotto 2816",19
"Prodotto 2954",19
"Prodotto 3063",19
"Prodotto 3156",19
"Prodotto 3790",19
"Prodotto 3883",19
"Prodotto 3981",19
"Prodotto 4022",19
"Prodotto 4032",19
"Prodotto 4073",19
"Prodotto 4075",19
"Prodotto 4117",19
"Prodotto 4240",19
"Prodotto 4506",19
"Prodotto 4648",19
"Prodotto 4738",19
"Prodotto 4832",19
"Prodotto 4839",19
"Prodotto 4901",19
"Prodotto 4916",19
"Prodotto 4935",19
"Prodotto 4941",19
"Prodotto 4967",19
"Prodotto 182",20
"Prodotto 195",20
"Prodotto 226",20
"Prodotto 367",20
"Prodotto 536",20
"Prodotto 539",20
"Prodotto 550",20
"Prodotto 1177",20
"Prodotto 1401",20
"Prodotto 1581",20
"Prodotto 1756",20
"Prodotto 1774",20
"Prodotto 1810",20
"Prodotto 1858",20
"Prodotto 1889",20
"Prodotto 1956",20
"Prodotto 2149",20
"Prodotto 2241",20
"Prodotto 2587",20
"Prodotto 2726",20
"Prodotto 2818",20
"Prodotto 2853",20
"Prodotto 2918",20
"Prodotto 3265",20
"Prodotto 3480",20
"Prodotto 3494",20
"Prodotto 3547",20
"Prodotto 3588",20
"Prodotto 3640",20
"Prodotto 3787",20
"Prodotto 4260",20
"Prodotto 4326",20
"Prodotto 4503",20
"Prodotto 4521",20
"Prodotto 4671",20
"Prodotto 4806",20
"Prodotto 4811",20
"Prodotto 4904",20
"Prodotto 4996",20
"Prodotto 113",21
"Prodotto 119",21
"Prodotto 179",21
"Prodotto 197",21
"Prodotto 416",21
"Prodotto 500",21
"Prodotto 538",21
"Prodotto 743",21
"Prodotto 1012",21
"Prodotto 1028",21
"Prodotto 1142",21
"Prodotto 1209",21
"Prodotto 1461",21
"Prodotto 1508",21
"Prodotto 2070",21
"Prodotto 2249",21
"Prodotto 2277",21
"Prodotto 2290",21
"Prodotto 2319",21
"Prodotto 2341",21
"Prodotto 2471",21
"Prodotto 2801",21
"Prodotto 2856",21
"Prodotto 2865",21
"Prodotto 2896",21
"Prodotto 2958",21
"Prodotto 3201",21
"Prodotto 3332",21
"Prodotto 3408",21
"Prodotto 3449",21
"Prodotto 3472",21
"Prodotto 3698",21
"Prodotto 3783",21
"Prodotto 3953",21
"Prodotto 3960",21
"Prodotto 3971",21
"Prodotto 3993",21
"Prodotto 4019",21
"Prodotto 4041",21
"Prodotto 4138",21
"Prodotto 4172",21
"Prodotto 4360",21
"Prodotto 4425",21
"Prodotto 4451",21
"Prodotto 4580",21
"Prodotto 4828",21
"Prodotto 4834",21
"Prodotto 4887",21
"Prodotto 4948",21
"Prodotto 4975",21
"Prodotto 4987",21
"Prodotto 4988",21
"Prodotto 6",22
"Prodotto 242",22
"Prodotto 328",22
"Prodotto 633",22
"Prodotto 716",22
"Prodotto 981",22
"Prodotto 996",22
"Prodotto 1011",22
"Prodotto 1162",22
"Prodotto 1185",22
"Prodotto 1229",22
"Prodotto 1274",22
"Prodotto 1430",22
"Prodotto 1462",22
"Prodotto 1592",22
"Prodotto 1712",22
"Prodotto 1789",22
"Prodotto 1822",22
"Prodotto 1866",22
"Prodotto 1874",22
"Prodotto 1931",22
"Prodotto 2011",22
"Prodotto 2306",22
"Prodotto 2325",22
"Prodotto 2344",22
"Prodotto 2423",22
"Prodotto 2518",22
"Prodotto 2550",22
"Prodotto 2663",22
"Prodotto 2782",22
"Prodotto 2820",22
"Prodotto 2926",22
"Prodotto 2995",22
"Prodotto 3263",22
"Prodotto 3287",22
"Prodotto 3721",22
"Prodotto 3824",22
"Prodotto 3880",22
"Prodotto 3974",22
"Prodotto 4064",22
"Prodotto 4076",22
"Prodotto 4127",22
"Prodotto 4209",22
"Prodotto 4531",22
"Prodotto 4547",22
"Prodotto 4704",22
"Prodotto 4774",22
"Prodotto 4822",22
"Prodotto 4899",22
"Prodotto 14",23
"Prodotto 395",23
"Prodotto 397",23
"Prodotto 413",23
"Prodotto 807",23
"Prodotto 1062",23
"Prodotto 1070",23
"Prodotto 1247",23
"Prodotto 1283",23
"Prodotto 1450",23
"Prodotto 1579",23
"Prodotto 1605",23
"Prodotto 1963",23
"Prodotto 1975",23
"Prodotto 2068",23
"Prodotto 2075",23
"Prodotto 2080",23
"Prodotto 2361",23
"Prodotto 2422",23
"Prodotto 2499",23
"Prodotto 2504",23
"Prodotto 2534",23
"Prodotto 2729",23
"Prodotto 2751",23
"Prodotto 2803",23
"Prodotto 2952",23
"Prodotto 3268",23
"Prodotto 3392",23
"Prodotto 3550",23
"Prodotto 3561",23
"Prodotto 3651",23
"Prodotto 3667",23
"Prodotto 3673",23
"Prodotto 3726",23
"Prodotto 3830",23
"Prodotto 4009",23
"Prodotto 4038",23
"Prodotto 4081",23
"Prodotto 4129",23
"Prodotto 4261",23
"Prodotto 4277",23
"Prodotto 4519",23
"Prodotto 4700",23
"Prodotto 4760",23
"Prodotto 4778",23
"Prodotto 4796",23
"Prodotto 4815",23
"Prodotto 4830",23
"Prodotto 4907",23
"Prodotto 4992",23
"Prodotto 4",24
"Prodotto 28",24
"Prodotto 90",24
"Prodotto 230",24
"Prodotto 415",24
"Prodotto 431",24
"Prodotto 583",24
"Prodotto 626",24
"Prodotto 694",24
"Prodotto 737",24
"Prodotto 747",24
"Prodotto 1052",24
"Prodotto 1193",24
"Prodotto 1240",24
"Prodotto 1389",24
"Prodotto 1535",24
"Prodotto 1761",24
"Prodotto 1776",24
"Prodotto 1881",24
"Prodotto 1940",24
"Prodotto 2010",24
"Prodotto 2256",24
"Prodotto 2370",24
"Prodotto 2621",24
"Prodotto 2790",24
"Prodotto 2859",24
"Prodotto 3032",24
"Prodotto 3178",24
"Prodotto 3325",24
"Prodotto 3354",24
"Prodotto 3406",24
"Prodotto 3418",24
"Prodotto 3430",24
"Prodotto 3548",24
"Prodotto 3614",24
"Prodotto 3701",24
"Prodotto 3788",24
"Prodotto 4016",24
"Prodotto 4104",24
"Prodotto 4217",24
"Prodotto 4520",24
"Prodotto 4865",24
"Prodotto 52",25
"Prodotto 99",25
"Prodotto 280",25
"Prodotto 333",25
"Prodotto 442",25
"Prodotto 712",25
"Prodotto 729",25
"Prodotto 769",25
"Prodotto 821",25
"Prodotto 953",25
"Prodotto 1082",25
"Prodotto 1334",25
"Prodotto 1343",25
"Prodotto 1345",25
"Prodotto 1523",25
"Prodotto 1677",25
"Prodotto 1686",25
"Prodotto 1797",25
"Prodotto 1818",25
"Prodotto 1885",25
"Prodotto 2038",25
"Prodotto 2074",25
"Prodotto 2194",25
"Prodotto 2351",25
"Prodotto 2388",25
"Prodotto 2488",25
"Prodotto 2490",25
"Prodotto 2569",25
"Prodotto 2591",25
"Prodotto 2723",25
"Prodotto 2761",25
"Prodotto 2775",25
"Prodotto 3171",25
"Prodotto 3189",25
"Prodotto 3335",25
"Prodotto 3361",25
"Prodotto 3381",25
"Prodotto 3566",25
"Prodotto 3803",25
"Prodotto 3862",25
"Prodotto 3919",25
"Prodotto 4091",25
"Prodotto 4098",25
"Prodotto 4171",25
"Prodotto 4290",25
"Prodotto 4350",25
"Prodotto 4407",25
"Prodotto 4424",25
"Prodotto 4536",25
"Prodotto 4578",25
"Prodotto 4698",25
"Prodotto 4807",25
"Prodotto 4820",25
"Prodotto 76",26
"Prodotto 271",26
"Prodotto 378",26
"Prodotto 403",26
"Prodotto 470",26
"Prodotto 507",26
"Prodotto 529",26
"Prodotto 543",26
"Prodotto 595",26
"Prodotto 734",26
"Prodotto 825",26
"Prodotto 839",26
"Prodotto 1199",26
"Prodotto 1201",26
"Prodotto 1288",26
"Prodotto 1344",26
"Prodotto 1486",26
"Prodotto 1709",26
"Prodotto 1816",26
"Prodotto 1849",26
"Prodotto 1946",26
"Prodotto 2023",26
"Prodotto 2089",26
"Prodotto 2386",26
"Prodotto 2402",26
"Prodotto 2435",26
"Prodotto 2975",26
"Prodotto 3074",26
"Prodotto 3218",26
"Prodotto 3248",26
"Prodotto 3276",26
"Prodotto 3579",26
"Prodotto 3599",26
"Prodotto 3607",26
"Prodotto 3851",26
"Prodotto 3928",26
"Prodotto 3970",26
"Prodotto 4147",26
"Prodotto 4205",26
"Prodotto 4225",26
"Prodotto 4310",26
"Prodotto 4317",26
"Prodotto 4586",26
"Prodotto 4637",26
"Prodotto 4711",26
"Prodotto 4817",26
"Prodotto 4841",26
"Prodotto 4848",26
"Prodotto 4903",26
"Prodotto 70",27
"Prodotto 355",27
"Prodotto 363",27
"Prodotto 464",27
"Prodotto 608",27
"Prodotto 913",27
"Prodotto 997",27
"Prodotto 1089",27
"Prodotto 1125",27
"Prodotto 1132",27
"Prodotto 1224",27
"Prodotto 1367",27
"Prodotto 1432",27
"Prodotto 1469",27
"Prodotto 1473",27
"Prodotto 1551",27
"Prodotto 1641",27
"Prodotto 1817",27
"Prodotto 1862",27
"Prodotto 1897",27
"Prodotto 1930",27
"Prodotto 2049",27
"Prodotto 2248",27
"Prodotto 2348",27
"Prodotto 2706",27
"Prodotto 2727",27
"Prodotto 3095",27
"Prodotto 3136",27
"Prodotto 3197",27
"Prodotto 3321",27
"Prodotto 3373",27
"Prodotto 3610",27
"Prodotto 3652",27
"Prodotto 3704",27
"Prodotto 4149",27
"Prodotto 4238",27
"Prodotto 4245",27
"Prodotto 4315",27
"Prodotto 4633",27
"Prodotto 4654",27
"Prodotto 4687",27
"Prodotto 4861",27
"Prodotto 79",28
"Prodotto 329",28
"Prodotto 404",28
"Prodotto 454",28
"Prodotto 505",28
"Prodotto 791",28
"Prodotto 812",28
"Prodotto 814",28
"Prodotto 1219",28
"Prodotto 1319",28
"Prodotto 1390",28
"Prodotto 1538",28
"Prodotto 1665",28
"Prodotto 1788",28
"Prodotto 2047",28
"Prodotto 2200",28
"Prodotto 2304",28
"Prodotto 2507",28
"Prodotto 2660",28
"Prodotto 2705",28
"Prodotto 2739",28
"Prodotto 2759",28
"Prodotto 2906",28
"Prodotto 2922",28
"Prodotto 3170",28
"Prodotto 3326",28
"Prodotto 3591",28
"Prodotto 3717",28
"Prodotto 3815",28
"Prodotto 3834",28
"Prodotto 4013",28
"Prodotto 4130",28
"Prodotto 4358",28
"Prodotto 4384",28
"Prodotto 4498",28
"Prodotto 4523",28
"Prodotto 4597",28
"Prodotto 4619",28
"Prodotto 4776",28
"Prodotto 4790",28
"Prodotto 4836",28
"Prodotto 19",29
"Prodotto 60",29
"Prodotto 64",29
"Prodotto 124",29
"Prodotto 162",29
"Prodotto 177",29
"Prodotto 181",29
"Prodotto 309",29
"Prodotto 310",29
"Prodotto 322",29
"Prodotto 388",29
"Prodotto 427",29
"Prodotto 579",29
"Prodotto 615",29
"Prodotto 646",29
"Prodotto 654",29
"Prodotto 669",29
"Prodotto 754",29
"Prodotto 1010",29
"Prodotto 1015",29
"Prodotto 1160",29
"Prodotto 1226",29
"Prodotto 1370",29
"Prodotto 1384",29
"Prodotto 1387",29
"Prodotto 1465",29
"Prodotto 1565",29
"Prodotto 1777",29
"Prodotto 1840",29
"Prodotto 1942",29
"Prodotto 2356",29
"Prodotto 2428",29
"Prodotto 3359",29
"Prodotto 3424",29
"Prodotto 3453",29
"Prodotto 3540",29
"Prodotto 3854",29
"Prodotto 3932",29
"Prodotto 4014",29
"Prodotto 4044",29
"Prodotto 4154",29
"Prodotto 4306",29
"Prodotto 4371",29
"Prodotto 4525",29
"Prodotto 4559",29
"Prodotto 4572",29
"Prodotto 4599",29
"Prodotto 4709",29
"Prodotto 4759",29
"Prodotto 4781",29
"Prodotto 4813",29
"Prodotto 85",30
"Prodotto 115",30
"Prodotto 172",30
"Prodotto 312",30
"Prodotto 357",30
"Prodotto 558",30
"Prodotto 581",30
"Prodotto 605",30
"Prodotto 607",30
"Prodotto 621",30
"Prodotto 647",30
"Prodotto 739",30
"Prodotto 781",30
"Prodotto 782",30
"Prodotto 874",30
"Prodotto 923",30
"Prodotto 1019",30
"Prodotto 1064",30
"Prodotto 1144",30
"Prodotto 1304",30
"Prodotto 1310",30
"Prodotto 1434",30
"Prodotto 1480",30
"Prodotto 1566",30
"Prodotto 1779",30
"Prodotto 1812",30
"Prodotto 1954",30
"Prodotto 2033",30
"Prodotto 2105",30
"Prodotto 2117",30
"Prodotto 2119",30
"Prodotto 2367",30
"Prodotto 2441",30
"Prodotto 2487",30
"Prodotto 2514",30
"Prodotto 2544",30
"Prodotto 2573",30
"Prodotto 2675",30
"Prodotto 3046",30
"Prodotto 3078",30
"Prodotto 3113",30
"Prodotto 3135",30
"Prodotto 3214",30
"Prodotto 3238",30
"Prodotto 3280",30
"Prodotto 3357",30
"Prodotto 3491",30
"Prodotto 3601",30
"Prodotto 3690",30
"Prodotto 3761",30
"Prodotto 3841",30
"Prodotto 3933",30
"Prodotto 3964",30
"Prodotto 4029",30
"Prodotto 4402",30
"Prodotto 4488",30
"Prodotto 4497",30
"Prodotto 4656",30
"Prodotto 4741",30
"Prodotto 4977",30
"Prodotto 21",31
"Prodotto 43",31
"Prodotto 84",31
"Prodotto 98",31
"Prodotto 233",31
"Prodotto 424",31
"Prodotto 429",31
"Prodotto 493",31
"Prodotto 589",31
"Prodotto 775",31
"Prodotto 829",31
"Prodotto 920",31
"Prodotto 1055",31
"Prodotto 1076",31
"Prodotto 1146",31
"Prodotto 1174",31
"Prodotto 1178",31
"Prodotto 1188",31
"Prodotto 1479",31
"Prodotto 1573",31
"Prodotto 1574",31
"Prodotto 1790",31
"Prodotto 1847",31
"Prodotto 2192",31
"Prodotto 2380",31
"Prodotto 2399",31
"Prodotto 2613",31
"Prodotto 2657",31
"Prodotto 2690",31
"Prodotto 2740",31
"Prodotto 2813",31
"Prodotto 2840",31
"Prodotto 2851",31
"Prodotto 2910",31
"Prodotto 2916",31
"Prodotto 2974",31
"Prodotto 2998",31
"Prodotto 3127",31
"Prodotto 3269",31
"Prodotto 3334",31
"Prodotto 3338",31
"Prodotto 3692",31
"Prodotto 3743",31
"Prodotto 3747",31
"Prodotto 3901",31
"Prodotto 3921",31
"Prodotto 3975",31
"Prodotto 4066",31
"Prodotto 4107",31
"Prodotto 4166",31
"Prodotto 4389",31
"Prodotto 4573",31
"Prodotto 4609",31
"Prodotto 4618",31
"Prodotto 4655",31
"Prodotto 4701",31
"Prodotto 4721",31
"Prodotto 4777",31
"Prodotto 4801",31
"Prodotto 4823",31
"Prodotto 7",32
"Prodotto 105",32
"Prodotto 187",32
"Prodotto 599",32
"Prodotto 678",32
"Prodotto 710",32
"Prodotto 776",32
"Prodotto 817",32
"Prodotto 868",32
"Prodotto 1106",32
"Prodotto 1114",32
"Prodotto 1280",32
"Prodotto 1524",32
"Prodotto 1530",32
"Prodotto 1664",32
"Prodotto 1685",32
"Prodotto 1741",32
"Prodotto 1823",32
"Prodotto 1909",32
"Prodotto 1952",32
"Prodotto 2195",32
"Prodotto 2232",32
"Prodotto 2275",32
"Prodotto 2315",32
"Prodotto 2586",32
"Prodotto 2919",32
"Prodotto 2925",32
"Prodotto 2963",32
"Prodotto 3012",32
"Prodotto 3121",32
"Prodotto 3271",32
"Prodotto 3283",32
"Prodotto 3305",32
"Prodotto 3402",32
"Prodotto 3647",32
"Prodotto 3754",32
"Prodotto 3845",32
"Prodotto 3866",32
"Prodotto 4017",32
"Prodotto 4307",32
"Prodotto 4455",32
"Prodotto 4468",32
"Prodotto 4751",32
"Prodotto 4798",32
"Prodotto 4842",32
"Prodotto 4949",32
"Prodotto 201",33
"Prodotto 203",33
"Prodotto 214",33
"Prodotto 266",33
"Prodotto 299",33
"Prodotto 474",33
"Prodotto 570",33
"Prodotto 746",33
"Prodotto 768",33
"Prodotto 820",33
"Prodotto 824",33
"Prodotto 886",33
"Prodotto 938",33
"Prodotto 995",33
"Prodotto 1048",33
"Prodotto 1071",33
"Prodotto 1216",33
"Prodotto 1294",33
"Prodotto 1438",33
"Prodotto 1441",33
"Prodotto 1456",33
"Prodotto 1512",33
"Prodotto 1540",33
"Prodotto 1724",33
"Prodotto 1895",33
"Prodotto 1969",33
"Prodotto 2030",33
"Prodotto 2368",33
"Prodotto 2492",33
"Prodotto 2515",33
"Prodotto 2537",33
"Prodotto 2610",33
"Prodotto 2664",33
"Prodotto 2815",33
"Prodotto 3027",33
"Prodotto 3270",33
"Prodotto 3310",33
"Prodotto 3331",33
"Prodotto 3390",33
"Prodotto 3438",33
"Prodotto 3475",33
"Prodotto 3777",33
"Prodotto 3868",33
"Prodotto 3984",33
"Prodotto 4351",33
"Prodotto 4436",33
"Prodotto 4491",33
"Prodotto 4773",33
"Prodotto 4780",33
"Prodotto 4816",33
"Prodotto 4881",33
"Prodotto 4895",33
"Prodotto 4896",33
"Prodotto 4964",33
"Prodotto 194",34
"Prodotto 206",34
"Prodotto 287",34
"Prodotto 384",34
"Prodotto 649",34
"Prodotto 926",34
"Prodotto 973",34
"Prodotto 1254",34
"Prodotto 1265",34
"Prodotto 1629",34
"Prodotto 1762",34
"Prodotto 1770",34
"Prodotto 1784",34
"Prodotto 1856",34
"Prodotto 1912",34
"Prodotto 2293",34
"Prodotto 2379",34
"Prodotto 2407",34
"Prodotto 2719",34
"Prodotto 2776",34
"Prodotto 2882",34
"Prodotto 2949",34
"Prodotto 3091",34
"Prodotto 3139",34
"Prodotto 3151",34
"Prodotto 3203",34
"Prodotto 3262",34
"Prodotto 3320",34
"Prodotto 3448",34
"Prodotto 3871",34
"Prodotto 3922",34
"Prodotto 3947",34
"Prodotto 4025",34
"Prodotto 4118",34
"Prodotto 4273",34
"Prodotto 4281",34
"Prodotto 4305",34
"Prodotto 4343",34
"Prodotto 4359",34
"Prodotto 4398",34
"Prodotto 4406",34
"Prodotto 4446",34
"Prodotto 4682",34
"Prodotto 4684",34
"Prodotto 4707",34
"Prodotto 4854",34
"Prodotto 4856",34
"Prodotto 92",35
"Prodotto 160",35
"Prodotto 237",35
"Prodotto 261",35
"Prodotto 318",35
"Prodotto 526",35
"Prodotto 610",35
"Prodotto 613",35
"Prodotto 918",35
"Prodotto 1033",35
"Prodotto 1078",35
"Prodotto 1121",35
"Prodotto 1170",35
"Prodotto 1271",35
"Prodotto 1771",35
"Prodotto 1787",35
"Prodotto 1951",35
"Prodotto 1990",35
"Prodotto 2013",35
"Prodotto 2053",35
"Prodotto 2059",35
"Prodotto 2114",35
"Prodotto 2302",35
"Prodotto 2303",35
"Prodotto 2437",35
"Prodotto 2473",35
"Prodotto 2626",35
"Prodotto 2686",35
"Prodotto 2778",35
"Prodotto 2798",35
"Prodotto 2846",35
"Prodotto 2857",35
"Prodotto 2883",35
"Prodotto 2941",35
"Prodotto 3044",35
"Prodotto 3093",35
"Prodotto 3220",35
"Prodotto 3313",35
"Prodotto 3343",35
"Prodotto 3385",35
"Prodotto 3531",35
"Prodotto 3644",35
"Prodotto 3654",35
"Prodotto 3708",35
"Prodotto 3716",35
"Prodotto 3782",35
"Prodotto 3789",35
"Prodotto 3881",35
"Prodotto 3896",35
"Prodotto 3948",35
"Prodotto 4114",35
"Prodotto 4266",35
"Prodotto 4322",35
"Prodotto 4390",35
"Prodotto 4445",35
"Prodotto 4634",35
"Prodotto 4900",35
"Prodotto 4909",35
"Prodotto 4954",35
"Prodotto 4973",35
"Prodotto 185",36
"Prodotto 192",36
"Prodotto 396",36
"Prodotto 412",36
"Prodotto 455",36
"Prodotto 457",36
"Prodotto 623",36
"Prodotto 692",36
"Prodotto 758",36
"Prodotto 790",36
"Prodotto 907",36
"Prodotto 990",36
"Prodotto 1007",36
"Prodotto 1092",36
"Prodotto 1183",36
"Prodotto 1236",36
"Prodotto 1504",36
"Prodotto 1660",36
"Prodotto 1707",36
"Prodotto 1719",36
"Prodotto 1850",36
"Prodotto 2029",36
"Prodotto 2137",36
"Prodotto 2139",36
"Prodotto 2240",36
"Prodotto 2432",36
"Prodotto 2503",36
"Prodotto 2509",36
"Prodotto 2577",36
"Prodotto 2711",36
"Prodotto 2721",36
"Prodotto 2741",36
"Prodotto 2760",36
"Prodotto 2797",36
"Prodotto 2961",36
"Prodotto 3062",36
"Prodotto 3195",36
"Prodotto 3228",36
"Prodotto 3300",36
"Prodotto 3303",36
"Prodotto 3316",36
"Prodotto 3911",36
"Prodotto 4050",36
"Prodotto 4124",36
"Prodotto 4203",36
"Prodotto 4278",36
"Prodotto 4419",36
"Prodotto 4457",36
"Prodotto 4537",36
"Prodotto 4596",36
"Prodotto 4626",36
"Prodotto 4753",36
"Prodotto 4875",36
"Prodotto 4933",36
"Prodotto 87",37
"Prodotto 101",37
"Prodotto 323",37
"Prodotto 666",37
"Prodotto 796",37
"Prodotto 810",37
"Prodotto 835",37
"Prodotto 1034",37
"Prodotto 1040",37
"Prodotto 1137",37
"Prodotto 1143",37
"Prodotto 1180",37
"Prodotto 1232",37
"Prodotto 1243",37
"Prodotto 1309",37
"Prodotto 1519",37
"Prodotto 1563",37
"Prodotto 1634",37
"Prodotto 1723",37
"Prodotto 1732",37
"Prodotto 1988",37
"Prodotto 2109",37
"Prodotto 2214",37
"Prodotto 2336",37
"Prodotto 2347",37
"Prodotto 2427",37
"Prodotto 2452",37
"Prodotto 2477",37
"Prodotto 2661",37
"Prodotto 2673",37
"Prodotto 2694",37
"Prodotto 2730",37
"Prodotto 2837",37
"Prodotto 2953",37
"Prodotto 3054",37
"Prodotto 3205",37
"Prodotto 3275",37
"Prodotto 3317",37
"Prodotto 3349",37
"Prodotto 3362",37
"Prodotto 3411",37
"Prodotto 3447",37
"Prodotto 3469",37
"Prodotto 3478",37
"Prodotto 3598",37
"Prodotto 3744",37
"Prodotto 4027",37
"Prodotto 4161",37
"Prodotto 4229",37
"Prodotto 4271",37
"Prodotto 4308",37
"Prodotto 4375",37
"Prodotto 4484",37
"Prodotto 4726",37
"Prodotto 4805",37
"Prodotto 48",38
"Prodotto 133",38
"Prodotto 592",38
"Prodotto 636",38
"Prodotto 808",38
"Prodotto 1148",38
"Prodotto 1153",38
"Prodotto 1208",38
"Prodotto 1231",38
"Prodotto 1238",38
"Prodotto 1315",38
"Prodotto 1555",38
"Prodotto 1613",38
"Prodotto 1652",38
"Prodotto 1751",38
"Prodotto 1802",38
"Prodotto 1832",38
"Prodotto 1964",38
"Prodotto 1972",38
"Prodotto 2159",38
"Prodotto 2168",38
"Prodotto 2209",38
"Prodotto 2218",38
"Prodotto 2225",38
"Prodotto 2237",38
"Prodotto 2377",38
"Prodotto 2442",38
"Prodotto 2474",38
"Prodotto 2684",38
"Prodotto 2716",38
"Prodotto 2784",38
"Prodotto 2828",38
"Prodotto 3018",38
"Prodotto 3148",38
"Prodotto 3413",38
"Prodotto 3482",38
"Prodotto 3489",38
"Prodotto 3725",38
"Prodotto 3774",38
"Prodotto 3776",38
"Prodotto 3786",38
"Prodotto 3809",38
"Prodotto 3816",38
"Prodotto 3825",38
"Prodotto 3846",38
"Prodotto 3915",38
"Prodotto 3925",38
"Prodotto 4387",38
"Prodotto 4562",38
"Prodotto 4582",38
"Prodotto 4588",38
"Prodotto 4642",38
"Prodotto 4722",38
"Prodotto 4728",38
"Prodotto 4874",38
"Prodotto 4947",38
"Prodotto 36",39
"Prodotto 86",39
"Prodotto 138",39
"Prodotto 168",39
"Prodotto 199",39
"Prodotto 213",39
"Prodotto 248",39
"Prodotto 277",39
"Prodotto 332",39
"Prodotto 348",39
"Prodotto 512",39
"Prodotto 518",39
"Prodotto 571",39
"Prodotto 751",39
"Prodotto 798",39
"Prodotto 904",39
"Prodotto 955",39
"Prodotto 1056",39
"Prodotto 1261",39
"Prodotto 1291",39
"Prodotto 1305",39
"Prodotto 1317",39
"Prodotto 1449",39
"Prodotto 1539",39
"Prodotto 1651",39
"Prodotto 1703",39
"Prodotto 1748",39
"Prodotto 1980",39
"Prodotto 1986",39
"Prodotto 2605",39
"Prodotto 2693",39
"Prodotto 2704",39
"Prodotto 2827",39
"Prodotto 3015",39
"Prodotto 3286",39
"Prodotto 3309",39
"Prodotto 3367",39
"Prodotto 3426",39
"Prodotto 3522",39
"Prodotto 3646",39
"Prodotto 3941",39
"Prodotto 4051",39
"Prodotto 4152",39
"Prodotto 4201",39
"Prodotto 4247",39
"Prodotto 4346",39
"Prodotto 4379",39
"Prodotto 108",40
"Prodotto 196",40
"Prodotto 204",40
"Prodotto 227",40
"Prodotto 508",40
"Prodotto 632",40
"Prodotto 691",40
"Prodotto 701",40
"Prodotto 736",40
"Prodotto 881",40
"Prodotto 961",40
"Prodotto 1725",40
"Prodotto 1923",40
"Prodotto 2020",40
"Prodotto 2036",40
"Prodotto 2065",40
"Prodotto 2097",40
"Prodotto 2532",40
"Prodotto 2708",40
"Prodotto 2749",40
"Prodotto 2832",40
"Prodotto 2976",40
"Prodotto 3096",40
"Prodotto 3118",40
"Prodotto 3208",40
"Prodotto 3292",40
"Prodotto 3295",40
"Prodotto 3308",40
"Prodotto 3341",40
"Prodotto 3366",40
"Prodotto 3403",40
"Prodotto 3554",40
"Prodotto 3615",40
"Prodotto 3665",40
"Prodotto 3689",40
"Prodotto 3842",40
"Prodotto 3852",40
"Prodotto 3907",40
"Prodotto 3918",40
"Prodotto 3954",40
"Prodotto 3961",40
"Prodotto 3962",40
"Prodotto 4045",40
"Prodotto 4074",40
"Prodotto 4142",40
"Prodotto 4159",40
"Prodotto 4198",40
"Prodotto 4210",40
"Prodotto 4265",40
"Prodotto 4295",40
"Prodotto 4418",40
"Prodotto 4492",40
"Prodotto 4639",40
"Prodotto 4664",40
"Prodotto 4676",40
"Prodotto 4723",40
"Prodotto 4769",40
"Prodotto 4924",40
"Prodotto 140",41
"Prodotto 146",41
"Prodotto 255",41
"Prodotto 337",41
"Prodotto 602",41
"Prodotto 630",41
"Prodotto 659",41
"Prodotto 699",41
"Prodotto 764",41
"Prodotto 947",41
"Prodotto 1083",41
"Prodotto 1217",41
"Prodotto 1251",41
"Prodotto 1252",41
"Prodotto 1467",41
"Prodotto 1550",41
"Prodotto 1582",41
"Prodotto 1675",41
"Prodotto 1726",41
"Prodotto 1800",41
"Prodotto 1892",41
"Prodotto 1910",41
"Prodotto 1967",41
"Prodotto 2032",41
"Prodotto 2086",41
"Prodotto 2092",41
"Prodotto 2145",41
"Prodotto 2150",41
"Prodotto 2156",41
"Prodotto 2334",41
"Prodotto 2381",41
"Prodotto 2463",41
"Prodotto 2578",41
"Prodotto 2648",41
"Prodotto 2750",41
"Prodotto 2781",41
"Prodotto 2911",41
"Prodotto 2931",41
"Prodotto 2997",41
"Prodotto 3261",41
"Prodotto 3340",41
"Prodotto 3524",41
"Prodotto 3927",41
"Prodotto 4059",41
"Prodotto 4183",41
"Prodotto 4399",41
"Prodotto 4454",41
"Prodotto 4669",41
"Prodotto 4730",41
"Prodotto 4986",41
"Prodotto 20",42
"Prodotto 68",42
"Prodotto 145",42
"Prodotto 223",42
"Prodotto 380",42
"Prodotto 537",42
"Prodotto 756",42
"Prodotto 770",42
"Prodotto 931",42
"Prodotto 937",42
"Prodotto 949",42
"Prodotto 1024",42
"Prodotto 1246",42
"Prodotto 1423",42
"Prodotto 1490",42
"Prodotto 1714",42
"Prodotto 1842",42
"Prodotto 1853",42
"Prodotto 1965",42
"Prodotto 2035",42
"Prodotto 2278",42
"Prodotto 2342",42
"Prodotto 2429",42
"Prodotto 2482",42
"Prodotto 2628",42
"Prodotto 2643",42
"Prodotto 2667",42
"Prodotto 2697",42
"Prodotto 2811",42
"Prodotto 3076",42
"Prodotto 3102",42
"Prodotto 3110",42
"Prodotto 3289",42
"Prodotto 3315",42
"Prodotto 3455",42
"Prodotto 3805",42
"Prodotto 3873",42
"Prodotto 3913",42
"Prodotto 3950",42
"Prodotto 4192",42
"Prodotto 4253",42
"Prodotto 4324",42
"Prodotto 4337",42
"Prodotto 4365",42
"Prodotto 4405",42
"Prodotto 4422",42
"Prodotto 4493",42
"Prodotto 4614",42
"Prodotto 4635",42
"Prodotto 4688",42
"Prodotto 4714",42
"Prodotto 4873",42
"Prodotto 4951",42
"Prodotto 4959",42
"Prodotto 136",43
"Prodotto 326",43
"Prodotto 336",43
"Prodotto 532",43
"Prodotto 620",43
"Prodotto 670",43
"Prodotto 843",43
"Prodotto 979",43
"Prodotto 1198",43
"Prodotto 1215",43
"Prodotto 1415",43
"Prodotto 1616",43
"Prodotto 1646",43
"Prodotto 1716",43
"Prodotto 1900",43
"Prodotto 1929",43
"Prodotto 2294",43
"Prodotto 2426",43
"Prodotto 2533",43
"Prodotto 2545",43
"Prodotto 2720",43
"Prodotto 3022",43
"Prodotto 3166",43
"Prodotto 3264",43
"Prodotto 3299",43
"Prodotto 3445",43
"Prodotto 3513",43
"Prodotto 3604",43
"Prodotto 3658",43
"Prodotto 3813",43
"Prodotto 3867",43
"Prodotto 3979",43
"Prodotto 4246",43
"Prodotto 4392",43
"Prodotto 4748",43
"Prodotto 4802",43
"Prodotto 4824",43
"Prodotto 4943",43
"Prodotto 4970",43
"Prodotto 11",44
"Prodotto 207",44
"Prodotto 418",44
"Prodotto 954",44
"Prodotto 980",44
"Prodotto 993",44
"Prodotto 1164",44
"Prodotto 1376",44
"Prodotto 1668",44
"Prodotto 1717",44
"Prodotto 1915",44
"Prodotto 1997",44
"Prodotto 2005",44
"Prodotto 2025",44
"Prodotto 2082",44
"Prodotto 2233",44
"Prodotto 2318",44
"Prodotto 2468",44
"Prodotto 2543",44
"Prodotto 2677",44
"Prodotto 2691",44
"Prodotto 2756",44
"Prodotto 2872",44
"Prodotto 2988",44
"Prodotto 3004",44
"Prodotto 3048",44
"Prodotto 3069",44
"Prodotto 3119",44
"Prodotto 3420",44
"Prodotto 3481",44
"Prodotto 3506",44
"Prodotto 3639",44
"Prodotto 3753",44
"Prodotto 3844",44
"Prodotto 3952",44
"Prodotto 3955",44
"Prodotto 4233",44
"Prodotto 4335",44
"Prodotto 4467",44
"Prodotto 4549",44
"Prodotto 4922",44
"Prodotto 97",45
"Prodotto 259",45
"Prodotto 711",45
"Prodotto 952",45
"Prodotto 999",45
"Prodotto 1140",45
"Prodotto 1220",45
"Prodotto 1244",45
"Prodotto 1279",45
"Prodotto 1451",45
"Prodotto 1466",45
"Prodotto 1588",45
"Prodotto 1618",45
"Prodotto 1692",45
"Prodotto 1722",45
"Prodotto 1733",45
"Prodotto 1838",45
"Prodotto 1848",45
"Prodotto 1864",45
"Prodotto 2094",45
"Prodotto 2181",45
"Prodotto 2208",45
"Prodotto 2287",45
"Prodotto 2311",45
"Prodotto 2373",45
"Prodotto 2633",45
"Prodotto 2769",45
"Prodotto 2852",45
"Prodotto 2948",45
"Prodotto 3017",45
"Prodotto 3040",45
"Prodotto 3055",45
"Prodotto 3066",45
"Prodotto 3150",45
"Prodotto 3155",45
"Prodotto 3159",45
"Prodotto 3192",45
"Prodotto 3401",45
"Prodotto 3477",45
"Prodotto 3543",45
"Prodotto 3574",45
"Prodotto 3586",45
"Prodotto 3746",45
"Prodotto 3859",45
"Prodotto 4148",45
"Prodotto 4169",45
"Prodotto 4190",45
"Prodotto 4287",45
"Prodotto 4395",45
"Prodotto 4396",45
"Prodotto 4448",45
"Prodotto 4460",45
"Prodotto 4490",45
"Prodotto 4563",45
"Prodotto 4696",45
"Prodotto 4771",45
"Prodotto 13",46
"Prodotto 15",46
"Prodotto 16",46
"Prodotto 67",46
"Prodotto 159",46
"Prodotto 362",46
"Prodotto 402",46
"Prodotto 446",46
"Prodotto 588",46
"Prodotto 614",46
"Prodotto 695",46
"Prodotto 816",46
"Prodotto 896",46
"Prodotto 905",46
"Prodotto 946",46
"Prodotto 1187",46
"Prodotto 1318",46
"Prodotto 1666",46
"Prodotto 1734",46
"Prodotto 1865",46
"Prodotto 2170",46
"Prodotto 2206",46
"Prodotto 2440",46
"Prodotto 2481",46
"Prodotto 2597",46
"Prodotto 2725",46
"Prodotto 2955",46
"Prodotto 3086",46
"Prodotto 3092",46
"Prodotto 3106",46
"Prodotto 3312",46
"Prodotto 3345",46
"Prodotto 3360",46
"Prodotto 3382",46
"Prodotto 3389",46
"Prodotto 3766",46
"Prodotto 3912",46
"Prodotto 4134",46
"Prodotto 4150",46
"Prodotto 4160",46
"Prodotto 4267",46
"Prodotto 4320",46
"Prodotto 4427",46
"Prodotto 4610",46
"Prodotto 4694",46
"Prodotto 4695",46
"Prodotto 27",47
"Prodotto 39",47
"Prodotto 75",47
"Prodotto 184",47
"Prodotto 335",47
"Prodotto 352",47
"Prodotto 358",47
"Prodotto 725",47
"Prodotto 749",47
"Prodotto 750",47
"Prodotto 767",47
"Prodotto 965",47
"Prodotto 989",47
"Prodotto 1068",47
"Prodotto 1127",47
"Prodotto 1169",47
"Prodotto 1186",47
"Prodotto 1348",47
"Prodotto 1402",47
"Prodotto 1442",47
"Prodotto 1492",47
"Prodotto 1493",47
"Prodotto 1559",47
"Prodotto 1607",47
"Prodotto 1659",47
"Prodotto 1828",47
"Prodotto 1906",47
"Prodotto 1937",47
"Prodotto 1983",47
"Prodotto 2288",47
"Prodotto 2458",47
"Prodotto 2525",47
"Prodotto 2557",47
"Prodotto 2814",47
"Prodotto 2903",47
"Prodotto 2909",47
"Prodotto 2928",47
"Prodotto 3042",47
"Prodotto 3108",47
"Prodotto 3209",47
"Prodotto 3215",47
"Prodotto 3682",47
"Prodotto 3722",47
"Prodotto 3738",47
"Prodotto 3755",47
"Prodotto 3972",47
"Prodotto 4086",47
"Prodotto 4645",47
"Prodotto 4670",47
"Prodotto 4840",47
"Prodotto 104",48
"Prodotto 243",48
"Prodotto 320",48
"Prodotto 366",48
"Prodotto 377",48
"Prodotto 745",48
"Prodotto 914",48
"Prodotto 959",48
"Prodotto 1046",48
"Prodotto 1112",48
"Prodotto 1296",48
"Prodotto 1347",48
"Prodotto 1501",48
"Prodotto 1517",48
"Prodotto 1556",48
"Prodotto 2015",48
"Prodotto 2031",48
"Prodotto 2173",48
"Prodotto 2317",48
"Prodotto 2329",48
"Prodotto 2548",48
"Prodotto 2556",48
"Prodotto 2681",48
"Prodotto 2748",48
"Prodotto 2932",48
"Prodotto 3031",48
"Prodotto 3082",48
"Prodotto 3234",48
"Prodotto 3242",48
"Prodotto 3274",48
"Prodotto 3451",48
"Prodotto 3460",48
"Prodotto 3485",48
"Prodotto 3600",48
"Prodotto 3649",48
"Prodotto 3677",48
"Prodotto 3765",48
"Prodotto 3833",48
"Prodotto 3889",48
"Prodotto 4037",48
"Prodotto 4257",48
"Prodotto 4300",48
"Prodotto 4435",48
"Prodotto 4600",48
"Prodotto 4660",48
"Prodotto 4674",48
"Prodotto 4678",48
"Prodotto 4732",48
"Prodotto 4745",48
"Prodotto 4864",48
"Prodotto 291",49
"Prodotto 330",49
"Prodotto 551",49
"Prodotto 567",49
"Prodotto 640",49
"Prodotto 857",49
"Prodotto 888",49
"Prodotto 1026",49
"Prodotto 1050",49
"Prodotto 1200",49
"Prodotto 1357",49
"Prodotto 1408",49
"Prodotto 1534",49
"Prodotto 1684",49
"Prodotto 1688",49
"Prodotto 1718",49
"Prodotto 2007",49
"Prodotto 2146",49
"Prodotto 2236",49
"Prodotto 2314",49
"Prodotto 2408",49
"Prodotto 2484",49
"Prodotto 2536",49
"Prodotto 2794",49
"Prodotto 2962",49
"Prodotto 3120",49
"Prodotto 3161",49
"Prodotto 3198",49
"Prodotto 3311",49
"Prodotto 3363",49
"Prodotto 3443",49
"Prodotto 3462",49
"Prodotto 3467",49
"Prodotto 3655",49
"Prodotto 3707",49
"Prodotto 3983",49
"Prodotto 3997",49
"Prodotto 4116",49
"Prodotto 4372",49
"Prodotto 4514",49
"Prodotto 4697",49
"Prodotto 4712",49
"Prodotto 4882",49
"Prodotto 4983",49
"Prodotto 65",50
"Prodotto 235",50
"Prodotto 289",50
"Prodotto 546",50
"Prodotto 703",50
"Prodotto 741",50
"Prodotto 760",50
"Prodotto 778",50
"Prodotto 939",50
"Prodotto 1060",50
"Prodotto 1122",50
"Prodotto 1203",50
"Prodotto 1428",50
"Prodotto 1475",50
"Prodotto 1639",50
"Prodotto 1672",50
"Prodotto 1808",50
"Prodotto 1898",50
"Prodotto 1981",50
"Prodotto 2129",50
"Prodotto 2185",50
"Prodotto 2457",50
"Prodotto 2511",50
"Prodotto 2611",50
"Prodotto 2688",50
"Prodotto 2764",50
"Prodotto 2830",50
"Prodotto 3200",50
"Prodotto 3371",50
"Prodotto 3441",50
"Prodotto 3556",50
"Prodotto 3836",50
"Prodotto 4060",50
"Prodotto 4070",50
"Prodotto 4102",50
"Prodotto 4125",50
"Prodotto 4137",50
"Prodotto 4270",50
"Prodotto 4509",50
"Prodotto 4622",50
"Prodotto 4649",50
"Prodotto 4857",50
"Prodotto 4870",50
"Prodotto 4906",50
"Prodotto 4942",50
